Location ,Part code,updated_loc,
GF/A/001,SAMPLE RACKS,GF/A/001-A
GF/A/002,SAMPLE RACKS,GF/A/002-A
GF/A/003,SAMPLE RACKS,GF/A/003-A
GF/A/004,SAMPLE RACKS,GF/A/004-A
GF/A/005,100 % INSPECTION LOCATION,GF/A/005-A
GF/A/006,100 % INSPECTION LOCATION,GF/A/006-A
GF/A/007,100 % INSPECTION LOCATION,GF/A/007-A
GF/A/008,100 % INSPECTION LOCATION,GF/A/008-A
GF/A/009,100 % INSPECTION LOCATION,GF/A/009-A
GF/A/010,100 % INSPECTION LOCATION,GF/A/010-A
GF/A/011,100 % INSPECTION LOCATION,GF/A/011-A
GF/A/012,100 % INSPECTION LOCATION,GF/A/012-A
GF/B/013,12008987,GF/B/013-A
GF/B/014,12008987,GF/B/014-A
GF/B/015,12008987,GF/B/015-A
GF/B/016,12008987,GF/B/016-A
GF/B/017,16021039,GF/B/017-A
GF/B/018,12008987,GF/B/018-A
GF/B/019,12008987,GF/B/019-A
GF/B/020,12008987,GF/B/020-A
GF/B/021,16021039,GF/B/021-A
GF/B/022,12000676,GF/B/022-A
GF/B/023,12000676,GF/B/023-A
GF/B/024,12000676,GF/B/024-A
GF/B/025,12000076,GF/B/025-A
GF/B/025,12000087,GF/B/025-B
GF/B/026,12000109,GF/B/026-A
GF/B/026,12000110,GF/B/026-B
GF/B/027,12000127,GF/B/027-A
GF/B/028,12000124,GF/B/028-A
GF/C/029,12000059,GF/C/029-A
GF/C/029,12000165,GF/C/029-B
GF/C/029,12000370,GF/C/029-C
GF/C/029,12000371,GF/C/029-D
GF/C/030,12000366,GF/C/030-A
GF/C/031,12000366,GF/C/031-A
GF/C/032,12000366,GF/C/032-A
GF/C/033,12000381,GF/C/033-A
GF/C/033,12000382,GF/C/033-B
GF/C/033,12000383,GF/C/033-C
GF/C/033,12000384,GF/C/033-D
GF/C/034,12000366,GF/C/034-A
GF/C/035,12000366,GF/C/035-A
GF/C/036,12000366,GF/C/036-A
GF/C/037,16018815,GF/C/037-A
GF/C/038,12000366,GF/C/038-A
GF/C/039,12000373,GF/C/039-A
GF/C/040,12000373,GF/C/040-A
GF/C/041,12000421,GF/C/041-A
GF/C/042,12000424,GF/C/042-A
GF/C/042,12000425,GF/C/042-B
GF/C/043,12000420,GF/C/043-A
GF/C/043,12000422,GF/C/043-B
GF/C/043,12000423,GF/C/043-C
GF/C/044,12000416,GF/C/044-A
GF/C/044,12000417,GF/C/044-B
GF/C/044,12000418,GF/C/044-C
GF/C/044,12000419,GF/C/044-D
GF/C/045,12000465,GF/C/045-A
GF/C/046,12000428,GF/C/046-A
GF/C/046,12000470,GF/C/046-B
GF/C/046,12000471,GF/C/046-C
GF/C/046,12000472,GF/C/046-D
GF/C/047,12000432,GF/C/047-A
GF/C/048,12000426,GF/C/048-A
GF/C/048,12000427,GF/C/048-B
GF/C/048,12000455,GF/C/048-C
GF/D/049,12000468,GF/D/049-A
GF/D/049,12014323,GF/D/049-B
GF/D/049,12000481,GF/D/049-C
GF/D/050,12000674,GF/D/050-A
GF/D/051,12000482,GF/D/051-A
GF/D/052,12000469,GF/D/052-A
GF/D/052,12000483,GF/D/052-B
GF/D/053,12000489,GF/D/053-A
GF/D/054,12000675,GF/D/054-A
GF/D/055,12000675,GF/D/055-A
GF/D/056,12004166,GF/D/056-A
GF/D/057,12007164,GF/D/057-A
GF/D/057,12004862,GF/D/057-B
GF/D/057,12007353,GF/D/057-C
GF/D/058,12003802,GF/D/058-A
GF/D/058,12003803,GF/D/058-B
GF/D/059,12007750,GF/D/059-A
GF/D/059,12000476,GF/D/059-B
GF/D/060,12005683,GF/D/060-A
GF/D/060,12005900,GF/D/060-B
GF/D/061,12008876,GF/D/061-A
GF/D/061,12008877,GF/D/061-B
GF/D/062,12008951,GF/D/062-A
GF/D/063,12013333,GF/D/063-A
GF/D/064,12008254,GF/D/064-A
GF/D/064,12008255,GF/D/064-B
GF/D/065,12013933,GF/D/065-A
GF/D/065,12014034,GF/D/065-B
GF/D/066,12008983,GF/D/066-A
GF/D/066,12014076,GF/D/066-B
GF/D/066,12014186,GF/D/066-C
GF/D/067,12018770,GF/D/067-A
GF/D/067,12019934,GF/D/067-B
GF/D/067,12019936,GF/D/067-C
GF/D/068,12019937,GF/D/068-A
GF/D/068,12020401,GF/D/068-B
GF/E/069,12018327,GF/E/069-A
GF/E/070,12019970,GF/E/070-A
GF/E/071,12028812,GF/E/071-A
GF/E/072,12021063,GF/E/072-A
GF/E/073,12025406,GF/E/073-A
GF/E/073,12025407,GF/E/073-B
GF/E/073,16018823,GF/E/073-C
GF/E/074,12035199,GF/E/074-A
GF/E/074,16002155,GF/E/074-B
GF/E/074,16002431,GF/E/074-C
GF/E/075,16000465,GF/E/075-A
GF/E/076,16000463,GF/E/076-A
GF/E/076,16000380,GF/E/076-B
GF/E/076,16000471,GF/E/076-C
GF/E/077,16000340,GF/E/077-A
GF/E/078,16002147,GF/E/078-A
GF/E/079,16002150,GF/E/079-A
GF/E/080,12004113,GF/E/080-A
GF/E/081,16000402,GF/E/081-A
GF/E/081,16000403,GF/E/081-B
GF/E/081,16000387,GF/E/081-C
GF/E/082,16002433,GF/E/082-A
GF/E/082,16002770,GF/E/082-B
GF/E/082,16002923,GF/E/082-C
GF/E/083,16003468,GF/E/083-A
GF/E/084,12000781,GF/E/084-A
GF/E/085,12035270,GF/E/085-A
GF/E/085,12028978,GF/E/085-B
GF/E/086,16009201,GF/E/086-A
GF/E/087,16010256,GF/E/087-A
GF/E/088,12014552,GF/E/088-A
GF/F/089,12019062,GF/F/089-A
GF/F/090,16018816,GF/F/090-A
GF/F/091,12025350,GF/F/091-A
GF/F/092,12019798,GF/F/092-A
GF/F/093,16018817,GF/F/093-A
GF/F/093,16018819,GF/F/093-B
GF/F/093,16018820,GF/F/093-C
GF/F/093,16018821,GF/F/093-D
GF/F/093,12000801,GF/F/093-E
GF/F/094,16021389,GF/F/094-A
GF/F/095,12004291,GF/F/095-A
GF/F/096,12004291,GF/F/096-A
GF/F/097,16018822,GF/F/097-A
GF/F/098,12004291,GF/F/098-A
GF/F/099,12000409,GF/F/099-A
GF/F/100,12027396,GF/F/100-A
GF/F/101,12009534,GF/F/101-A
GF/F/101,12004283,GF/F/101-B
GF/F/102,12014054,GF/F/102-A
GF/F/103,12014055,GF/F/103-A
GF/F/104,12037146,GF/F/104-A
GF/F/105,12000800,GF/F/105-A
GF/F/105,12000067,GF/F/105-B
GF/F/106,12014804,GF/F/106-A
GF/F/106,16003004,GF/F/106-B
GF/F/107,12014818,GF/F/107-A
GF/F/108,12037146,GF/F/108-A
GF/G/109,16003010,GF/G/109-A
GF/G/110,12015114,GF/G/110-A
GF/G/110,12019315,GF/G/110-B
GF/G/110,12019726,GF/G/110-C
GF/G/111,12019798,GF/G/111-A
GF/G/111,12020099,GF/G/111-B
GF/G/112,12019798,GF/G/112-A
GF/G/113,16003812,GF/G/113-A
GF/G/114,12019728,GF/G/114-A
GF/G/114,16003814,GF/G/114-B
GF/G/115,12009538,GF/G/115-A
GF/G/116,12019798,GF/G/116-A
GF/G/117,12019932,GF/G/117-A
GF/G/118,12019983,GF/G/118-A
GF/G/118,12019983,GF/G/118-B
GF/G/119,12009538,GF/G/119-A
GF/G/120,12019798,GF/G/120-A
GF/G/121,12019933,GF/G/121-A
GF/G/122,12021610,GF/G/122-A
GF/G/122,12022995,GF/G/122-B
GF/G/123,12019798,GF/G/123-A
GF/G/124,12019798,GF/G/124-A
GF/G/125,16000387,GF/G/125-A
GF/G/126,12022395,GF/G/126-A
GF/G/127,12014482,GF/G/127-A
GF/G/128,12019798,GF/G/128-A
GF/H/129,12000009,GF/H/129-A
GF/H/130,12023650,GF/H/130-A
GF/H/130,12023651,GF/H/130-B
GF/H/130,12023652,GF/H/130-C
GF/H/131,12000676,GF/H/131-A
GF/H/132,12019798,GF/H/132-A
GF/H/133,16003473,GF/H/133-A
GF/H/134,12024259,GF/H/134-A
GF/H/134,16003813,GF/H/134-B
GF/H/135,12000676,GF/H/135-A
GF/H/136,12019798,GF/H/136-A
GF/H/137,12019202,GF/H/137-A
GF/H/137,12025702,GF/H/137-B
GF/H/137,12009452,GF/H/137-C
GF/H/138,16003008,GF/H/138-A
GF/H/139,16003009,GF/H/139-A
GF/H/140,12036393,GF/H/140-A
GF/H/141,12000009,GF/H/141-A
GF/H/141,12021790,GF/H/141-B
GF/H/142,16000464,GF/H/142-A
GF/H/142,12014373,GF/H/142-B
GF/H/143,12024865,GF/H/143-A
GF/H/143,12025539,GF/H/143-B
GF/H/144,12036393,GF/H/144-A
GF/H/145,12033952,GF/H/145-A
GF/H/145,12014459,GF/H/145-B
GF/H/146,12013333,GF/H/146-A
GF/H/146,16009310,GF/H/146-B
GF/H/147,12024986,GF/H/147-A
GF/H/147,12025657,GF/H/147-B
GF/H/148,12036393,GF/H/148-A
1F/A/149,12027121,1F/A/149-A
1F/A/150,12027121,1F/A/150-A
1F/A/151,12027121,1F/A/151-A
1F/A/152,12027121,1F/A/152-A
1F/A/153,12027121,1F/A/153-A
1F/A/154,12027121,1F/A/154-A
1F/A/155,12027121,1F/A/155-A
1F/A/156,12027121,1F/A/156-A
1F/A/157,12027121,1F/A/157-A
1F/A/158,12027121,1F/A/158-A
1F/A/159,12027121,1F/A/159-A
1F/A/160,12027121,1F/A/160-A
1F/B/161,12029601,1F/B/161-A
1F/B/162,16019689,1F/B/162-A
1F/B/162,12023665,1F/B/162-B
1F/B/163,12023666,1F/B/163-A
1F/B/163,12023667,1F/B/163-B
1F/B/164,12023437,1F/B/164-A
1F/B/164,12023436,1F/B/164-B
1F/B/164,12023438,1F/B/164-C
1F/B/164,12023435,1F/B/164-D
1F/B/165,12023441,1F/B/165-A
1F/B/165,12023442,1F/B/165-B
1F/B/166,12023440,1F/B/166-A
1F/B/167,12037146,1F/B/167-A
1F/B/168,12035656,1F/B/168-A
1F/B/169,12034835,1F/B/169-A
1F/B/170,12034835,1F/B/170-A
1F/B/171,12023443,1F/B/171-A
1F/B/172,12024981,1F/B/172-A
1F/B/173,12026550,1F/B/173-A
1F/B/173,12023526,1F/B/173-B
1F/B/174,12023430,1F/B/174-A
1F/B/174,12023433,1F/B/174-B
1F/B/175,12023431,1F/B/175-A
1F/B/175,12023432,1F/B/175-B
1F/B/176,12023092,1F/B/176-A
1F/C/177,12024982,1F/C/177-A
1F/C/177,12024271,1F/C/177-B
1F/C/178,16021625,1F/C/178-A
1F/C/178,16021626,1F/C/178-B
1F/C/179,16021634,1F/C/179-A
1F/C/179,16021635,1F/C/179-B
1F/C/180,12024984,1F/C/180-A
1F/C/180,12023093,1F/C/180-B
1F/C/180,12024983,1F/C/180-C
1F/C/180,12023582,1F/C/180-D
1F/C/180,12023583,1F/C/180-E
1F/C/180,12023580,1F/C/180-F
1F/C/181,16021636,1F/C/181-A
1F/C/181,16021637,1F/C/181-B
1F/C/181,16021639,1F/C/181-C
1F/C/181,16021638,1F/C/181-D
1F/C/182,12024270,1F/C/182-A
1F/C/182,12024273,1F/C/182-B
1F/C/183,12024272,1F/C/183-A
1F/C/183,12024274,1F/C/183-B
1F/C/184,12023581,1F/C/184-A
1F/C/184,16021640,1F/C/184-B
1F/C/184,12023434,1F/C/184-C
1F/C/184,12024251,1F/C/184-D
1F/C/184,12024280,1F/C/184-E
1F/C/185,12014395,1F/C/185-A
1F/C/185,12019309,1F/C/185-B
1F/C/186,12022745,1F/C/186-A
1F/C/187,12024279,1F/C/187-A
1F/C/187,12020421,1F/C/187-B
1F/C/187,12014495,1F/C/187-C
1F/C/187,12003926,1F/C/187-D
1F/C/188,12020039,1F/C/188-A
1F/C/188,12019204,1F/C/188-B
1F/C/188,12019450,1F/C/188-C
1F/C/189,12000140,1F/C/189-A
1F/C/189,12000141,1F/C/189-B
1F/C/190,12000167,1F/C/190-A
1F/C/190,12000168,1F/C/190-B
1F/C/190,12000170,1F/C/190-C
1F/C/191,12000176,1F/C/191-A
1F/C/191,12000177,1F/C/191-B
1F/C/191,12000179,1F/C/191-C
1F/C/191,12000193,1F/C/191-D
1F/C/192,12024276,1F/C/192-A
1F/C/192,12024275,1F/C/192-B
1F/C/192,12024278,1F/C/192-C
1F/C/192,12014993,1F/C/192-D
1F/C/192,12014566,1F/C/192-E
1F/C/192,12015070,1F/C/192-F
1F/C/192,12024277,1F/C/192-G
1F/C/193,12000201,1F/C/193-A
1F/C/193,12000202,1F/C/193-B
1F/C/193,12000359,1F/C/193-C
1F/C/193,12000360,1F/C/193-D
1F/C/194,12000362,1F/C/194-A
1F/C/194,12000363,1F/C/194-B
1F/C/194,12000364,1F/C/194-C
1F/C/194,12000367,1F/C/194-D
1F/C/195,16000093,1F/C/195-A
1F/C/196,12000361,1F/C/196-A
1F/C/196,12000365,1F/C/196-B
1F/C/196,12000374,1F/C/196-C
1F/C/196,12000378,1F/C/196-D
1F/D/197,12000477,1F/D/197-A
1F/D/198,12000444,1F/D/198-A
1F/D/198,12000447,1F/D/198-B
1F/D/198,12000451,1F/D/198-C
1F/D/199,12000433,1F/D/199-A
1F/D/199,12000434,1F/D/199-B
1F/D/199,12000435,1F/D/199-C
1F/D/199,12000440,1F/D/199-D
1F/D/200,12000379,1F/D/200-A
1F/D/200,12000380,1F/D/200-B
1F/D/200,12000429,1F/D/200-C
1F/D/200,12000431,1F/D/200-D
1F/D/201,12000491,1F/D/201-A
1F/D/202,12000560,1F/D/202-A
1F/D/203,12000560,1F/D/203-A
1F/D/204,12000500,1F/D/204-A
1F/D/204,12000579,1F/D/204-B
1F/D/204,12000580,1F/D/204-C
1F/D/204,12000590,1F/D/204-D
1F/D/205,12000591,1F/D/205-A
1F/D/205,12000605,1F/D/205-B
1F/D/205,12000607,1F/D/205-C
1F/D/205,12000608,1F/D/205-D
1F/D/206,12000661,1F/D/206-A
1F/D/206,12000731,1F/D/206-B
1F/D/206,12000732,1F/D/206-C
1F/D/207,12000743,1F/D/207-A
1F/D/207,12000744,1F/D/207-B
1F/D/208,12003806,1F/D/208-A
1F/D/208,12003809,1F/D/208-B
1F/D/209,12003815,1F/D/209-A
1F/D/210,12003904,1F/D/210-A
1F/D/210,12004223,1F/D/210-B
1F/D/210,12004386,1F/D/210-C
1F/D/211,12003817,1F/D/211-A
1F/D/211,12003818,1F/D/211-B
1F/D/212,12003806,1F/D/212-A
1F/D/212,12003809,1F/D/212-B
1F/D/213,12004974,1F/D/213-A
1F/D/214,12006865,1F/D/214-A
1F/D/215,12005688,1F/D/215-A
1F/D/215,12006030,1F/D/215-B
1F/D/216,12005680,1F/D/216-A
1F/D/216,12005681,1F/D/216-B
1F/E/217,12007160,1F/E/217-A
1F/E/218,12007352,1F/E/218-A
1F/E/218,12007354,1F/E/218-B
1F/E/219,12007165,1F/E/219-A
1F/E/220,12007751,1F/E/220-A
1F/E/221,12007355,1F/E/221-A
1F/E/221,12007751,1F/E/221-B
1F/E/222,12008898,1F/E/222-A
1F/E/222,12008950,1F/E/222-B
1F/E/223,12007752,1F/E/223-A
1F/E/224,12007752,1F/E/224-A
1F/E/225,12008981,1F/E/225-A
1F/E/225,12008982,1F/E/225-B
1F/E/225,12008985,1F/E/225-C
1F/E/225,12008986,1F/E/225-D
1F/E/226,12009349,1F/E/226-A
1F/E/227,12009039,1F/E/227-A
1F/E/227,12009311,1F/E/227-B
1F/E/227,12009312,1F/E/227-C
1F/E/227,12009331,1F/E/227-D
1F/E/228,12009020,1F/E/228-A
1F/E/228,12009038,1F/E/228-B
1F/E/228,12009040,1F/E/228-C
1F/E/229,12009372,1F/E/229-A
1F/E/230,12009382,1F/E/230-A
1F/E/230,12009384,1F/E/230-B
1F/E/230,12009385,1F/E/230-C
1F/E/230,12009386,1F/E/230-D
1F/E/231,12009379,1F/E/231-A
1F/E/231,12009380,1F/E/231-B
1F/E/231,12009381,1F/E/231-C
1F/E/232,12009376,1F/E/232-A
1F/E/232,12009377,1F/E/232-B
1F/E/232,12009378,1F/E/232-C
1F/E/233,12009387,1F/E/233-A
1F/E/233,12013602,1F/E/233-B
1F/E/233,12013732,1F/E/233-C
1F/E/233,12013733,1F/E/233-D
1F/E/233,12013734,1F/E/233-E
1F/E/234,12013934,1F/E/234-A
1F/E/234,12014035,1F/E/234-B
1F/E/234,12014070,1F/E/234-C
1F/E/234,12014210,1F/E/234-D
1F/E/235,12013918,1F/E/235-A
1F/E/235,12013920,1F/E/235-B
1F/E/235,12013921,1F/E/235-C
1F/E/235,12013932,1F/E/235-D
1F/E/236,12013601,1F/E/236-A
1F/E/236,12013846,1F/E/236-B
1F/E/236,12013847,1F/E/236-C
1F/E/236,12013848,1F/E/236-D
1F/F/237,12014211,1F/F/237-A
1F/F/237,12014315,1F/F/237-B
1F/F/237,12014320,1F/F/237-C
1F/F/238,12019186,1F/F/238-A
1F/F/238,12019651,1F/F/238-B
1F/F/239,12019938,1F/F/239-A
1F/F/240,12014555,1F/F/240-A
1F/F/240,12020385,1F/F/240-B
1F/F/240,12020386,1F/F/240-C
1F/F/241,12014427,1F/F/241-A
1F/F/241,12015197,1F/F/241-B
1F/F/242,12019939,1F/F/242-A
1F/F/243,12020412,1F/F/243-A
1F/F/244,12020412,1F/F/244-A
1F/F/245,12029411,1F/F/245-A
1F/F/246,12029411,1F/F/246-A
1F/F/247,12022397,1F/F/247-A
1F/F/247,12023831,1F/F/247-B
1F/F/248,12021454,1F/F/248-A
1F/F/248,12022010,1F/F/248-B
1F/F/248,12022394,1F/F/248-C
1F/F/248,12022396,1F/F/248-D
1F/F/249,16000049,1F/F/249-A
1F/F/249,16000050,1F/F/249-B
1F/F/249,16000382,1F/F/249-C
1F/F/250,16000475,1F/F/250-A
1F/F/250,16000477,1F/F/250-B
1F/F/251,16002718,1F/F/251-A
1F/F/251,16002925,1F/F/251-B
1F/F/251,16009198,1F/F/251-C
1F/F/252,12034121,1F/F/252-A
1F/F/252,16000040,1F/F/252-B
1F/F/253,16010618,1F/F/253-A
1F/F/253,16010650,1F/F/253-B
1F/F/253,16010651,1F/F/253-C
1F/F/254,16014027,1F/F/254-A
1F/F/254,16014028,1F/F/254-B
1F/F/255,16023057,1F/F/255-A
1F/F/255,16039844,1F/F/255-B
1F/F/256,16010617,1F/F/256-A
1F/G/257,12000082,1F/G/257-A
1F/G/257,12000088,1F/G/257-B
1F/G/257,12000095,1F/G/257-C
1F/G/258,12027825,1F/G/258-A
1F/G/258,12000006,1F/G/258-B
1F/G/259,12020398,1F/G/259-A
1F/G/260,12000368,1F/G/260-A
1F/G/260,16002717,1F/G/260-B
1F/G/261,12000753,1F/G/261-A
1F/G/261,12019392,1F/G/261-B
1F/G/262,16019312,1F/G/262-A
1F/G/263,12007711,1F/G/263-A
1F/G/263,12000562,1F/G/263-B
1F/G/264,12000463,1F/G/264-A
1F/G/265,12000463,1F/G/265-A
1F/G/266,12024785,1F/G/266-A
1F/G/266,12003816,1F/G/266-B
1F/G/267,14002727,1F/G/267-A
1F/G/267,12004307,1F/G/267-B
1F/G/267,12004309,1F/G/267-C
1F/G/268,12004789,1F/G/268-A
1F/G/269,12005862,1F/G/269-A
1F/G/270,16003478,1F/G/270-A
1F/G/270,12000356,1F/G/270-B
1F/G/271,12013605,1F/G/271-A
1F/G/272,12007151,1F/G/272-A
1F/G/272,12014002,1F/G/272-B
1F/G/272,12014491,1F/G/272-C
1F/G/273,12024988,1F/G/273-A
1F/G/274,12024989,1F/G/274-A
1F/G/275,12000464,1F/G/275-A
1F/G/276,,1F/G/276-A
1F/H/277,15000541,1F/H/277-A
1F/H/277,15000204,1F/H/277-B
1F/H/278,14001821,1F/H/278-A
1F/H/278,14003943,1F/H/278-B
1F/H/279,33000435,1F/H/279-A
1F/H/280,,1F/H/280-A
1F/H/281,14001819,1F/H/281-A
1F/H/282,14001761,1F/H/282-A
1F/H/282,14003340,1F/H/282-B
1F/H/283,12000697,1F/H/283-A
1F/H/284,,1F/H/284-A
1F/H/285,14001064,1F/H/285-A
1F/H/286,14001064,1F/H/286-A
1F/H/287,,1F/H/287-A
1F/H/288,,1F/H/288-A
1F/H/289,14001824,1F/H/289-A
1F/H/290,14001065,1F/H/290-A
1F/H/291,14001465,1F/H/291-A
1F/H/292,12029411,1F/H/292-A
1F/H/293,14001820,1F/H/293-A
1F/H/294,14000938,1F/H/294-A
1F/H/294,14006117,1F/H/294-B
1F/H/295,14001351,1F/H/295-A
1F/H/296,12029411,1F/H/296-A
2F/A/297,12007699,2F/A/297-A
2F/A/297,16003002,2F/A/297-B
2F/A/297,16009145,2F/A/297-C
2F/A/297,12000130,2F/A/297-D
2F/A/298,16003476,2F/A/298-A
2F/A/298,12009401,2F/A/298-B
2F/A/298,12009402,2F/A/298-C
2F/A/298,12009400,2F/A/298-D
2F/A/299,12007697,2F/A/299-A
2F/A/299,16010491,2F/A/299-B
2F/A/299,14002370,2F/A/299-C
2F/A/299,14003182,2F/A/299-D
2F/A/300,16003685,2F/A/300-A
2F/A/300,16000541,2F/A/300-B
2F/A/300,16000542,2F/A/300-C
2F/A/300,16000544,2F/A/300-D
2F/A/301,12009536,2F/A/301-A
2F/A/302,12009539,2F/A/302-A
2F/A/303,12013604,2F/A/303-A
2F/A/304,12012912,2F/A/304-A
2F/A/304,12009537,2F/A/304-B
2F/A/304,16010490,2F/A/304-C
2F/A/304,12021412,2F/A/304-D
2F/A/305,12004385,2F/A/305-A
2F/A/306,12021453,2F/A/306-A
2F/A/307,12004385,2F/A/307-A
2F/A/308,12004333,2F/A/308-A
2F/A/308,12009399,2F/A/308-B
2F/A/308,16015262,2F/A/308-C
2F/A/308,12021411,2F/A/308-D
2F/B/309,12019800,2F/B/309-A
2F/B/309,12021243,2F/B/309-B
2F/B/309,12024781,2F/B/309-C
2F/B/309,12005863,2F/B/309-D
2F/B/310,16010614,2F/B/310-A
2F/B/310,16010570,2F/B/310-B
2F/B/310,12019049,2F/B/310-C
2F/B/311,12013552,2F/B/311-A
2F/B/311,12013553,2F/B/311-B
2F/B/311,16009994,2F/B/311-C
2F/B/311,16010487,2F/B/311-D
2F/B/312,12020393,2F/B/312-A
2F/B/313,16003007,2F/B/313-A
2F/B/314,16019314,2F/B/314-A
2F/B/315,16010359,2F/B/315-A
2F/B/316,12015137,2F/B/316-A
2F/B/316,12015138,2F/B/316-B
2F/B/316,12015139,2F/B/316-C
2F/B/316,12015140,2F/B/316-D
2F/B/316,12015141,2F/B/316-E
2F/B/317,12019016,2F/B/317-A
2F/B/317,12019223,2F/B/317-B
2F/B/317,12019305,2F/B/317-C
2F/B/317,12019307,2F/B/317-D
2F/B/318,12019306,2F/B/318-A
2F/B/318,12019304,2F/B/318-B
2F/B/319,12019017,2F/B/319-A
2F/B/319,12022616,2F/B/319-B
2F/B/319,12022598,2F/B/319-C
2F/B/320,12019205,2F/B/320-A
2F/B/320,12019041,2F/B/320-B
2F/B/321,12012646,2F/B/321-A
2F/B/322,12003925,2F/B/322-A
2F/B/322,12000214,2F/B/322-B
2F/B/323,12000723,2F/B/323-A
2F/B/323,12000216,2F/B/323-B
2F/B/324,12012648,2F/B/324-A
2F/C/325,12033480,2F/C/325-A
2F/C/326,12033480,2F/C/326-A
2F/C/327,12012647,2F/C/327-A
2F/C/328,12012649,2F/C/328-A
2F/C/328,12012650,2F/C/328-B
2F/C/329,12004281,2F/C/329-A
2F/C/330,12004280,2F/C/330-A
2F/C/330,12019310,2F/C/330-B
2F/C/331,12004282,2F/C/331-A
2F/C/331,12027920,2F/C/331-B
2F/C/331,12009485,2F/C/331-C
2F/C/331,12009455,2F/C/331-D
2F/C/332,12009484,2F/C/332-A
2F/C/332,12009391,2F/C/332-B
2F/C/333,12004303,2F/C/333-A
2F/C/333,16003811,2F/C/333-B
2F/C/333,12009390,2F/C/333-C
2F/C/334,12014051,2F/C/334-A
2F/C/334,12008979,2F/C/334-B
2F/C/334,12019989,2F/C/334-C
2F/C/335,12034003,2F/C/335-A
2F/C/335,12028601,2F/C/335-B
2F/C/335,12019985,2F/C/335-C
2F/C/336,12019263,2F/C/336-A
2F/C/336,12014987,2F/C/336-B
2F/C/336,12019267,2F/C/336-C
2F/C/336,12014058,2F/C/336-D
2F/C/337,12028434,2F/C/337-A
2F/C/338,12028434,2F/C/338-A
2F/C/339,12014086,2F/C/339-A
2F/C/339,12014811,2F/C/339-B
2F/C/340,12025151,2F/C/340-A
2F/C/340,12014815,2F/C/340-B
2F/C/340,12021540,2F/C/340-C
2F/C/340,12019986,2F/C/340-D
2F/C/341,12014050,2F/C/341-A
2F/C/342,12014050,2F/C/342-A
2F/C/343,12014052,2F/C/343-A
2F/C/343,12021556,2F/C/343-B
2F/C/343,16023694,2F/C/343-C
2F/C/344,12019987,2F/C/344-A
2F/C/344,12020528,2F/C/344-B
2F/C/344,12014819,2F/C/344-C
2F/D/345,16018033,2F/D/345-A
2F/D/346,12020531,2F/D/346-A
2F/D/346,12014812,2F/D/346-B
2F/D/346,12023854,2F/D/346-C
2F/D/347,12022996,2F/D/347-A
2F/D/347,12025266,2F/D/347-B
2F/D/348,12020526,2F/D/348-A
2F/D/348,12014814,2F/D/348-B
2F/D/348,12014810,2F/D/348-C
2F/D/349,12022990,2F/D/349-A
2F/D/350,12019992,2F/D/350-A
2F/D/350,12014091,2F/D/350-B
2F/D/350,12024803,2F/D/350-C
2F/D/350,12024415,2F/D/350-D
2F/D/351,12020527,2F/D/351-A
2F/D/351,12025648,2F/D/351-B
2F/D/351,12020529,2F/D/351-C
2F/D/351,12020530,2F/D/351-D
2F/D/352,12023069,2F/D/352-A
2F/D/352,16020785,2F/D/352-B
2F/D/352,12026376,2F/D/352-C
2F/D/353,12022994,2F/D/353-A
2F/D/354,12022994,2F/D/354-A
2F/D/355,12022994,2F/D/355-A
2F/D/356,12021555,2F/D/356-A
2F/D/356,12021542,2F/D/356-B
2F/D/356,12025017,2F/D/356-C
2F/D/357,12014809,2F/D/357-A
2F/D/358,12014809,2F/D/358-A
2F/D/359,12014809,2F/D/359-A
2F/D/360,12022301,2F/D/360-A
2F/D/360,12029293,2F/D/360-B
2F/D/361,12029294,2F/D/361-A
2F/D/361,12019265,2F/D/361-B
2F/D/362,12025128,2F/D/362-A
2F/D/362,12022300,2F/D/362-B
2F/D/362,12024671,2F/D/362-C
2F/D/362,12025275,2F/D/362-D
2F/D/362,12019264,2F/D/362-E
2F/D/363,12014990,2F/D/363-A
2F/D/363,12009402,2F/D/363-B
2F/D/364,12019221,2F/D/364-A
2F/D/364,12019266,2F/D/364-B
2F/E/365,12023957,2F/E/365-A
2F/E/366,12023958,2F/E/366-A
2F/E/366,12024266,2F/E/366-B
2F/E/367,12023987,2F/E/367-A
2F/E/367,12023988,2F/E/367-B
2F/E/367,12023961,2F/E/367-C
2F/E/368,12032710,2F/E/368-A
2F/E/368,12024262,2F/E/368-B
2F/E/368,12024264,2F/E/368-C
2F/E/369,12024263,2F/E/369-A
2F/E/369,12023715,2F/E/369-B
2F/E/369,12023959,2F/E/369-C
2F/E/369,12023960,2F/E/369-D
2F/E/370,12024789,2F/E/370-A
2F/E/370,12007713,2F/E/370-B
2F/E/371,12024789,2F/E/371-A
2F/E/372,12023962,2F/E/372-A
2F/E/372,16023340,2F/E/372-B
2F/E/373,12026380,2F/E/373-A
2F/E/374,12026379,2F/E/374-A
2F/E/375,12023410,2F/E/375-A
2F/E/375,12024265,2F/E/375-B
2F/E/375,12023521,2F/E/375-C
2F/E/375,12000170,2F/E/375-D
2F/E/375,12000171,2F/E/375-E
2F/E/376,12023985,2F/E/376-A
2F/E/376,12030231,2F/E/376-B
2F/E/376,12023984,2F/E/376-C
2F/E/376,12028570,2F/E/376-D
2F/E/377,12026374,2F/E/377-A
2F/E/378,12026374,2F/E/378-A
2F/E/379,12026374,2F/E/379-A
2F/E/380,12026374,2F/E/380-A
2F/E/382,12000191,2F/E/382-A
2F/E/383,12004425,2F/E/383-A
2F/E/383,12026375,2F/E/383-B
2F/E/384,12026374,2F/E/384-A
2F/F/385,12004790,2F/F/385-A
2F/F/386,12000148,2F/F/386-A
2F/F/387,12004112,2F/F/387-A
2F/F/388,12000410,2F/F/388-A
2F/F/389,12000089,2F/F/389-A
2F/F/390,12004110,2F/F/390-A
2F/F/391,12004110,2F/F/391-A
2F/F/392,12004111,2F/F/392-A
2F/F/392,12004118,2F/F/392-B
2F/F/393,12004426,2F/F/393-A
2F/F/394,12004117,2F/F/394-A
2F/F/394,12005687,2F/F/394-B
2F/F/394,12026378,2F/F/394-C
2F/F/395,12036855,2F/F/395-A
2F/F/396,12013562,2F/F/396-A
2F/F/396,12004114,2F/F/396-B
2F/F/396,12004115,2F/F/396-C
2F/F/396,12004116,2F/F/396-D
2F/F/397,12004785,2F/F/397-A
2F/F/397,12004786,2F/F/397-B
2F/F/397,12004787,2F/F/397-C
2F/F/398,12008909,2F/F/398-A
2F/F/399,12004781,2F/F/399-A
2F/F/399,12004783,2F/F/399-B
2F/F/400,12013551,2F/F/400-A
2F/F/400,12009464,2F/F/400-B
2F/F/400,12020499,2F/F/400-C
2F/F/400,12000192,2F/F/400-D
2F/F/401,12005334,2F/F/401-A
2F/F/401,12003923,2F/F/401-B
2F/F/401,12000007,2F/F/401-C
2F/F/402,12018351,2F/F/402-A
2F/F/403,12000001,2F/F/403-A
2F/F/403,12000142,2F/F/403-B
2F/F/403,12000143,2F/F/403-C
2F/F/403,12000203,2F/F/403-D
2F/F/404,12000005,2F/F/404-A
2F/F/404,12004782,2F/F/404-B
2F/F/404,12003969,2F/F/404-C
2F/F/404,12000004,2F/F/404-D
2F/G/405,12000000,2F/G/405-A
2F/G/406,12000145,2F/G/406-A
2F/G/407,12000780,2F/G/407-A
2F/G/408,12000352,2F/G/408-A
2F/G/408,12000571,2F/G/408-B
2F/G/409,12004424,2F/G/409-A
2F/G/410,12004424,2F/G/410-A
2F/G/411,12004424,2F/G/411-A
2F/G/412,12004424,2F/G/412-A
2F/G/413,12004424,2F/G/413-A
2F/G/414,12004424,2F/G/414-A
2F/G/415,12004424,2F/G/415-A
2F/G/416,12004424,2F/G/416-A
2F/G/417,12000128,2F/G/417-A
2F/G/418,12004298,2F/G/418-A
2F/G/418,12000690,2F/G/418-B
2F/G/418,12000690,2F/G/418-C
2F/G/419,12004295,2F/G/419-A
2F/G/419,12004296,2F/G/419-B
2F/G/419,12004300,2F/G/419-C
2F/G/420,12005690,2F/G/420-A
2F/G/420,12004297,2F/G/420-B
2F/G/420,12004299,2F/G/420-C
2F/G/421,12000570,2F/G/421-A
2F/G/422,12000570,2F/G/422-A
2F/G/423,12000570,2F/G/423-A
2F/G/424,12004301,2F/G/424-A
2F/G/424,12004302,2F/G/424-B
2F/G/424,12005691,2F/G/424-C
2F/H/425,16000000,2F/H/425-A
2F/H/426,16000000,2F/H/426-A
2F/H/427,12009538,2F/H/427-A
2F/H/428,12009538,2F/H/428-A
2F/H/429,16000094,2F/H/429-A
2F/H/430,16000094,2F/H/430-A
2F/H/431,16000094,2F/H/431-A
2F/H/432,12000144,2F/H/432-A
2F/H/432,12000782,2F/H/432-B
2F/H/433,12009533,2F/H/433-A
2F/H/434,12009533,2F/H/434-A
2F/H/435,12009533,2F/H/435-A
2F/H/436,12009533,2F/H/436-A
2F/H/437,12009533,2F/H/437-A
2F/H/438,12009533,2F/H/438-A
2F/H/439,12009533,2F/H/439-A
2F/H/440,12009533,2F/H/440-A
2F/H/441,12009533,2F/H/441-A
2F/H/442,12009533,2F/H/442-A
2F/H/443,12009533,2F/H/443-A
2F/H/444,12009533,2F/H/444-A
3F/A/445,12020533,3F/A/445-A
3F/A/445,12020553,3F/A/445-B
3F/A/446,12019322,3F/A/446-A
3F/A/446,12019378,3F/A/446-B
3F/A/446,12022164,3F/A/446-C
3F/A/446,12019377,3F/A/446-D
3F/A/447,12019370,3F/A/447-A
3F/A/447,12019371,3F/A/447-B
3F/A/447,12019383,3F/A/447-C
3F/A/448,12019365,3F/A/448-A
3F/A/448,12019369,3F/A/448-B
3F/A/449,12019374,3F/A/449-A
3F/A/449,12019373,3F/A/449-B
3F/A/449,12019376,3F/A/449-C
3F/A/450,12019386,3F/A/450-A
3F/A/450,12019372,3F/A/450-B
3F/A/451,12019364,3F/A/451-A
3F/A/451,12019385,3F/A/451-B
3F/A/452,12028441,3F/A/452-A
3F/A/452,12027596,3F/A/452-B
3F/A/452,12028437,3F/A/452-C
3F/A/452,12028440,3F/A/452-D
3F/A/453,12028336,3F/A/453-A
3F/A/453,12031101,3F/A/453-B
3F/A/453,12030122,3F/A/453-C
3F/A/454,12027919,3F/A/454-A
3F/A/454,12034661,3F/A/454-B
3F/A/454,12028443,3F/A/454-C
3F/A/454,12034658,3F/A/454-D
3F/A/455,12034659,3F/A/455-A
3F/A/455,12030180,3F/A/455-B
3F/A/455,12030179,3F/A/455-C
3F/A/455,12027545,3F/A/455-D
3F/A/456,12028438,3F/A/456-A
3F/A/456,12028436,3F/A/456-B
3F/A/456,12034660,3F/A/456-C
3F/A/456,12034657,3F/A/456-D
3F/B/457,12026547,3F/B/457-A
3F/B/457,12026546,3F/B/457-B
3F/B/457,12026545,3F/B/457-C
3F/B/457,12026548,3F/B/457-D
3F/B/458,12030599,3F/B/458-A
3F/B/458,12030598,3F/B/458-B
3F/B/458,12030597,3F/B/458-C
3F/B/458,12030600,3F/B/458-D
3F/B/459,12028334,3F/B/459-A
3F/B/459,12028331,3F/B/459-B
3F/B/460,12028058,3F/B/460-A
3F/B/460,12028335,3F/B/460-B
3F/B/460,12028332,3F/B/460-C
3F/B/460,12028171,3F/B/460-D
3F/B/461,12020097,3F/B/461-A
3F/B/461,12020098,3F/B/461-B
3F/B/461,12022655,3F/B/461-C
3F/B/462,16021579,3F/B/462-A
3F/B/462,12023461,3F/B/462-B
3F/B/463,12022610,3F/B/463-A
3F/B/463,16009414,3F/B/463-B
3F/B/463,12009334,3F/B/463-C
3F/B/464,12012614,3F/B/464-A
3F/B/464,12020096,3F/B/464-B
3F/B/464,12015183,3F/B/464-C
3F/B/465,12029645,3F/B/465-A
3F/B/465,16024700,3F/B/465-B
3F/B/466,16024702,3F/B/466-A
3F/B/466,12033481,3F/B/466-B
3F/B/467,12029453,3F/B/467-A
3F/B/467,12033415,3F/B/467-B
3F/B/467,12033446,3F/B/467-C
3F/B/468,12015173,3F/B/468-A
3F/B/468,16009302,3F/B/468-B
3F/B/468,12021402,3F/B/468-C
3F/B/468,12029358,3F/B/468-D
3F/B/469,12009434,3F/B/469-A
3F/B/470,12012611,3F/B/470-A
3F/B/471,12012613,3F/B/471-A
3F/B/472,12025732,3F/B/472-A
3F/C/473,12020397,3F/C/473-A
3F/C/474,12037000,3F/C/474-A
3F/C/475,12037000,3F/C/475-A
3F/C/476,12026743,3F/C/476-A
3F/C/477,12034836,3F/C/477-A
3F/C/477,12012550,3F/C/477-B
3F/C/478,12009403,3F/C/478-A
3F/C/478,12015164,3F/C/478-B
3F/C/479,12013121,3F/C/479-A
3F/C/479,12030119,3F/C/479-B
3F/C/480,12014012,3F/C/480-A
3F/C/481,12014272,3F/C/481-A
3F/C/482,16010679,3F/C/482-A
3F/C/482,12020100,3F/C/482-B
3F/C/482,12009333,3F/C/482-C
3F/C/482,12013370,3F/C/482-D
3F/C/483,12009435,3F/C/483-A
3F/C/483,12009330,3F/C/483-B
3F/C/483,12015171,3F/C/483-C
3F/C/484,12012616,3F/C/484-A
3F/C/484,12015168,3F/C/484-B
3F/C/484,12012610,3F/C/484-C
3F/C/484,12015166,3F/C/484-D
3F/C/484,12018477,3F/C/484-E
3F/C/485,12009433,3F/C/485-A
3F/C/485,12009431,3F/C/485-B
3F/C/485,12009332,3F/C/485-C
3F/C/485,12009432,3F/C/485-D
3F/C/486,12015179,3F/C/486-A
3F/C/487,12015179,3F/C/487-A
3F/C/488,12025731,3F/C/488-A
3F/C/488,12022863,3F/C/488-B
3F/C/489,12015170,3F/C/489-A
3F/C/489,16019489,3F/C/489-B
3F/C/490,16024701,3F/C/490-A
3F/C/491,16024701,3F/C/491-A
3F/C/492,12030875,3F/C/492-A
3F/C/492,12012615,3F/C/492-B
3F/C/492,12015184,3F/C/492-C
3F/D/493,12015045,3F/D/493-A
3F/D/494,12015045,3F/D/494-A
3F/D/494,12027703,3F/D/494-B
3F/D/495,12019257,3F/D/495-A
3F/D/496,12019257,3F/D/496-A
3F/D/497,12015028,3F/D/497-A
3F/D/497,12015029,3F/D/497-B
3F/D/497,12015030,3F/D/497-C
3F/D/498,12015028,3F/D/498-A
3F/D/498,12015029,3F/D/498-B
3F/D/498,12015030,3F/D/498-C
3F/D/499,12015028,3F/D/499-A
3F/D/499,12015029,3F/D/499-B
3F/D/499,12015030,3F/D/499-C
3F/D/500,12015028,3F/D/500-A
3F/D/500,12015029,3F/D/500-B
3F/D/500,12015030,3F/D/500-C
3F/D/501,16025158,3F/D/501-A
3F/D/501,16024887,3F/D/501-B
3F/D/501,16010504,3F/D/501-C
3F/D/502,16010497,3F/D/502-A
3F/D/502,12029728,3F/D/502-B
3F/D/503,12015043,3F/D/503-A
3F/D/503,12030747,3F/D/503-B
3F/D/504,12015060,3F/D/504-A
3F/D/504,12015059,3F/D/504-B
3F/D/504,12021621,3F/D/504-C
3F/D/504,12022713,3F/D/504-D
3F/D/505,16020496,3F/D/505-A
3F/D/506,16020496,3F/D/506-A
3F/D/507,12021396,3F/D/507-A
3F/D/507,12015040,3F/D/507-B
3F/D/508,12041961,3F/D/508-A
3F/D/508,12022165,3F/D/508-B
3F/D/509,12015034,3F/D/509-A
3F/D/509,16018062,3F/D/509-B
3F/D/510,16014033,3F/D/510-A
3F/D/510,12013028,3F/D/510-B
3F/D/511,12021222,3F/D/511-A
3F/D/511,12021221,3F/D/511-B
3F/D/511,12021223,3F/D/511-C
3F/D/512,12027704,3F/D/512-A
3F/D/512,12023091,3F/D/512-B
3F/D/512,12025281,3F/D/512-C
3F/D/512,12013034,3F/D/512-D
3F/E/513,12030732,3F/E/513-A
3F/E/514,16017482,3F/E/514-A
3F/E/515,16017542,3F/E/515-A
3F/E/516,12013035,3F/E/516-A
3F/E/516,16024820,3F/E/516-B
3F/E/516,12021230,3F/E/516-C
3F/E/517,12023398,3F/E/517-A
3F/E/518,12013020,3F/E/518-A
3F/E/518,12015044,3F/E/518-B
3F/E/518,12021611,3F/E/518-C
3F/E/519,12014565,3F/E/519-A
3F/E/519,12020090,3F/E/519-B
3F/E/520,14002950,3F/E/520-A
3F/E/520,14002949,3F/E/520-B
3F/E/520,14002951,3F/E/520-C
3F/E/520,12029734,3F/E/520-D
3F/E/520,12027376,3F/E/520-E
3F/E/521,12014557,3F/E/521-A
3F/E/521,12014559,3F/E/521-B
3F/E/521,12014556,3F/E/521-C
3F/E/522,12018328,3F/E/522-A
3F/E/522,12009396,3F/E/522-B
3F/E/522,12013025,3F/E/522-C
3F/E/523,12013016,3F/E/523-A
3F/E/523,12015042,3F/E/523-B
3F/E/523,12014560,3F/E/523-C
3F/E/523,12015039,3F/E/523-D
3F/E/524,12021227,3F/E/524-A
3F/E/524,12013024,3F/E/524-B
3F/E/524,12013414,3F/E/524-C
3F/E/524,12013418,3F/E/524-D
3F/E/525,12019929,3F/E/525-A
3F/E/525,12021714,3F/E/525-B
3F/E/525,12019930,3F/E/525-C
3F/E/525,16010661,3F/E/525-D
3F/E/526,12013010,3F/E/526-A
3F/E/526,12013037,3F/E/526-B
3F/E/526,12018123,3F/E/526-C
3F/E/526,12013015,3F/E/526-D
3F/E/527,12013033,3F/E/527-A
3F/E/527,16010663,3F/E/527-B
3F/E/527,12021226,3F/E/527-C
3F/E/527,16010495,3F/E/527-D
3F/E/528,12013031,3F/E/528-A
3F/E/528,12021225,3F/E/528-B
3F/E/528,12013012,3F/E/528-C
3F/E/528,12014561,3F/E/528-D
3F/E/529,12021647,3F/E/529-A
3F/E/530,12029450,3F/E/530-A
3F/E/531,12021646,3F/E/531-A
3F/E/532,12021401,3F/E/532-A
3F/E/532,16024821,3F/E/532-B
3F/E/532,16010494,3F/E/532-C
3F/E/532,12022167,3F/E/532-D
3F/F/533,12021643,3F/F/533-A
3F/F/533,12029215,3F/F/533-B
3F/F/534,12028585,3F/F/534-A
3F/F/535,12022651,3F/F/535-A
3F/F/535,12015036,3F/F/535-B
3F/F/535,12015119,3F/F/535-C
3F/F/535,12037351,3F/F/535-D
3F/F/536,16024886,3F/F/536-A
3F/F/536,12019061,3F/F/536-B
3F/F/536,16010498,3F/F/536-C
3F/F/536,12019328,3F/F/536-D
3F/F/537,12021644,3F/F/537-A
3F/F/537,12005606,3F/F/537-B
3F/F/538,12021253,3F/F/538-A
3F/F/539,12005113,3F/F/539-A
3F/F/539,12027127,3F/F/539-B
3F/F/540,12035659,3F/F/540-A
3F/F/540,16023069,3F/F/540-B
3F/F/541,12009282,3F/F/541-A
3F/F/542,12009282,3F/F/542-A
3F/F/543,12009294,3F/F/543-A
3F/F/543,12021257,3F/F/543-B
3F/F/544,12035660,3F/F/544-A
3F/F/544,12022586,3F/F/544-B
3F/F/545,12030118,3F/F/545-A
3F/F/546,12030118,3F/F/546-A
3F/F/547,12024261,3F/F/547-A
3F/F/548,12024260,3F/F/548-A
3F/F/548,16023070,3F/F/548-B
3F/F/549,12030116,3F/F/549-A
3F/F/550,12030116,3F/F/550-A
3F/F/551,12036999,3F/F/551-A
3F/F/552,12005115,3F/F/552-A
3F/F/552,12026742,3F/F/552-B
3F/F/552,12005116,3F/F/552-C
3F/G/553,16021789,3F/G/553-A
3F/G/553,12022333,3F/G/553-B
3F/G/554,12022597,3F/G/554-A
3F/G/554,12009285,3F/G/554-B
3F/G/555,12024304,3F/G/555-A
3F/G/556,12030873,3F/G/556-A
3F/G/556,12035664,3F/G/556-B
3F/G/557,12030117,3F/G/557-A
3F/G/558,12030117,3F/G/558-A
3F/G/559,12036998,3F/G/559-A
3F/G/560,12021338,3F/G/560-A
3F/G/561,12036998,3F/G/561-A
3F/G/562,12036998,3F/G/562-A
3F/G/563,12036998,3F/G/563-A
3F/G/564,16023071,3F/G/564-A
3F/G/564,12035655,3F/G/564-B
3F/G/565,12021547,3F/G/565-A
3F/G/565,12022652,3F/G/565-B
3F/G/565,16023068,3F/G/565-C
3F/G/566,12005079,3F/G/566-A
3F/G/567,12005079,3F/G/567-A
3F/G/568,12005079,3F/G/568-A
3F/G/569,12005075,3F/G/569-A
3F/G/569,12005073,3F/G/569-B
3F/G/570,12022587,3F/G/570-A
3F/G/570,12005076,3F/G/570-B
3F/G/571,12023407,3F/G/571-A
3F/G/572,12022295,3F/G/572-A
3F/G/572,12022564,3F/G/572-B
3F/G/572,12014011,3F/G/572-C
3F/H/573,16025585,3F/H/573-A
3F/H/573,12021258,3F/H/573-B
3F/H/573,12024250,3F/H/573-C
3F/H/574,12027365,3F/H/574-A
3F/H/574,12009283,3F/H/574-B
3F/H/574,12034238,3F/H/574-C
3F/H/575,12022683,3F/H/575-A
3F/H/575,12022684,3F/H/575-B
3F/H/575,12022686,3F/H/575-C
3F/H/575,12022685,3F/H/575-D
3F/H/576,12005087,3F/H/576-A
3F/H/577,12022298,3F/H/577-A
3F/H/577,12022297,3F/H/577-B
3F/H/577,12027102,3F/H/577-C
3F/H/577,12027097,3F/H/577-D
3F/H/578,12018476,3F/H/578-A
3F/H/578,12022299,3F/H/578-B
3F/H/578,12027104,3F/H/578-C
3F/H/578,12021545,3F/H/578-D
3F/H/579,12027902,3F/H/579-A
3F/H/579,12027901,3F/H/579-B
3F/H/579,12021255,3F/H/579-C
3F/H/579,12022595,3F/H/579-D
3F/H/579,12005078,3F/H/579-E
3F/H/580,12027105,3F/H/580-A
3F/H/580,12022296,3F/H/580-B
3F/H/580,12009287,3F/H/580-C
3F/H/580,12030121,3F/H/580-D
3F/H/581,12024305,3F/H/581-A
3F/H/581,12009290,3F/H/581-B
3F/H/581,12014005,3F/H/581-C
3F/H/581,12024784,3F/H/581-D
3F/H/581,12005086,3F/H/581-E
3F/H/581,12021346,3F/H/581-F
3F/H/581,12021546,3F/H/581-G
3F/H/582,12005067,3F/H/582-A
3F/H/582,16023072,3F/H/582-B
3F/H/582,12014009,3F/H/582-C
3F/H/582,12030992,3F/H/582-D
3F/H/582,12005070,3F/H/582-E
3F/H/583,12027128,3F/H/583-A
3F/H/583,12027096,3F/H/583-B
3F/H/583,12027131,3F/H/583-C
3F/H/583,12027129,3F/H/583-D
3F/H/583,12027130,3F/H/583-E
3F/H/584,12022398,3F/H/584-A
3F/H/585,12021256,3F/H/585-A
3F/H/586,12021256,3F/H/586-A
3F/H/587,12021256,3F/H/587-A
3F/H/588,12021256,3F/H/588-A
3F/H/589,12027900,3F/H/589-A
3F/H/590,12027900,3F/H/590-A
3F/H/591,12027900,3F/H/591-A
3F/H/592,12027900,3F/H/592-A
4F/A/593,16000096,4F/A/593-A
4F/A/593,12000217,4F/A/593-B
4F/A/594,12035657,4F/A/594-A
4F/A/595,14000822,4F/A/595-A
4F/A/595,12035658,4F/A/595-B
4F/A/596,12005098,4F/A/596-A
4F/A/596,16021183,4F/A/596-B
4F/A/597,12014007,4F/A/597-A
4F/A/597,12012606,4F/A/597-B
4F/A/598,12019926,4F/A/598-A
4F/A/598,12014006,4F/A/598-B
4F/A/599,14003392,4F/A/599-A
4F/A/600,15002991,4F/A/600-A
4F/A/601,15002991,4F/A/601-A
4F/B/602,12000012,4F/B/602-A
4F/B/602,12019984,4F/B/602-B
4F/B/603,12008288,4F/B/603-A
4F/B/603,12008267,4F/B/603-B
4F/B/604,12018989,4F/B/604-A
4F/B/605,12012600,4F/B/605-A
4F/B/605,12000729,4F/B/605-B
4F/B/606,12022033,4F/B/606-A
4F/B/606,12000688,4F/B/606-B
4F/B/607,12012601,4F/B/607-A
4F/B/608,16025157,4F/B/608-A
4F/B/608,12000529,4F/B/608-B
4F/B/608,12000064,4F/B/608-C
4F/B/608,12004994,4F/B/608-D
4F/B/609,12009425,4F/B/609-A
4F/B/609,12000062,4F/B/609-B
4F/B/609,12000725,4F/B/609-C
4F/B/610,12005095,4F/B/610-A
4F/B/611,16017630,4F/B/611-A
4F/B/612,,4F/B/612-A
4F/B/613,12021399,4F/B/613-A
4F/C/614,12000561,4F/C/614-A
4F/C/615,,4F/C/615-A
4F/C/616,12015169,4F/C/616-A
4F/C/616,12009217,4F/C/616-B
4F/C/616,12000154,4F/C/616-C
4F/C/617,,4F/C/617-A
4F/C/618,,4F/C/618-A
4F/C/619,12000157,4F/C/619-A
4F/C/620,,4F/C/620-A
4F/C/621,12000760,4F/C/621-A
4F/C/621,14002880,4F/C/621-B
4F/C/621,12000023,4F/C/621-C
4F/C/622,12009220,4F/C/622-A
4F/C/623,12000213,4F/C/623-A
4F/C/624,12027377,4F/C/624-A
4F/C/625,12009206,4F/C/625-A
4F/C/626,12023808,4F/C/626-A
4F/C/626,16021575,4F/C/626-B
4F/C/627,16021575,4F/C/627-A
4F/C/627,12023808,4F/C/627-B
4F/C/628,16021575,4F/C/628-A
4F/C/628,12023808,4F/C/628-B
4F/D/629,,4F/D/629-A
4F/D/630,12005088,4F/D/630-A
4F/D/630,12005090,4F/D/630-B
4F/D/630,12023012,4F/D/630-C
4F/D/631,12009013,4F/D/631-A
4F/D/631,16015451,4F/D/631-B
4F/D/632,12018981,4F/D/632-A
4F/D/632,12021961,4F/D/632-B
4F/D/632,12023021,4F/D/632-C
4F/D/633,12000197,4F/D/633-A
4F/D/633,12000212,4F/D/633-B
4F/D/633,12000684,4F/D/633-C
4F/D/633,12012605,4F/D/633-D
4F/D/634,12005107,4F/D/634-A
4F/D/634,12014035,4F/D/634-B
4F/D/635,12003905,4F/D/635-A
4F/D/636,12023017,4F/D/636-A
4F/D/636,16009708,4F/D/636-B
4F/D/636,16009709,4F/D/636-C
4F/D/637,12005111,4F/D/637-A
4F/D/637,12013014,4F/D/637-B
4F/D/637,12014089,4F/D/637-C
4F/D/637,12005108,4F/D/637-D
4F/D/637,12024446,4F/D/637-E
4F/D/637,12005116,4F/D/637-F
4F/D/638,,4F/D/638-A
4F/D/639,12014340,4F/D/639-A
4F/D/639,12000745,4F/D/639-B
4F/D/640,12005099,4F/D/640-A
4F/D/640,12003904,4F/D/640-B
4F/D/641,16014029,4F/D/641-A
4F/D/642,12024860,4F/D/642-A
4F/D/642,12014008,4F/D/642-B
4F/D/643,12013013,4F/D/643-A
4F/D/643,12014006,4F/D/643-B
4F/D/643,12014007,4F/D/643-C
4F/D/643,12024861,4F/D/643-D
4F/D/644,12012901,4F/D/644-A
4F/E/644,12000011,4F/E/644-A
4F/E/645,12004317,4F/E/645-A
4F/E/646,12005074,4F/E/646-A
4F/E/646,12005092,4F/E/646-B
4F/E/647,12000726,4F/E/647-A
4F/E/647,12005094,4F/E/647-B
4F/E/648,12000686,4F/E/648-A
4F/E/649,12005377,4F/E/649-A
4F/E/649,12005815,4F/E/649-B
4F/E/649,12018989,4F/E/649-C
4F/E/649,12025746,4F/E/649-D
4F/E/650,12013962,4F/E/650-A
4F/E/650,12013781,4F/E/650-B
4F/E/650,12000721,4F/E/650-C
4F/E/651,16009253,4F/E/651-A
4F/E/651,12019329,4F/E/651-B
4F/E/651,12000186,4F/E/651-C
4F/E/652,16009252,4F/E/652-A
4F/E/653,12013781,4F/E/653-A
4F/E/654,12014272,4F/E/654-A
4F/E/655,12022593,4F/E/655-A
4F/E/655,16019489,4F/E/655-B
4F/E/656,12019334,4F/E/656-A
4F/E/657,12014272,4F/E/657-A
4F/E/658,16019489,4F/E/658-A
4F/F/659,12005077,4F/F/659-A
4F/F/659,12023014,4F/F/659-B
4F/F/660,12005082,4F/F/660-A
4F/F/660,12005085,4F/F/660-B
4F/F/660,12005065,4F/F/660-C
4F/F/661,16000052,4F/F/661-A
4F/F/661,16000524,4F/F/661-B
4F/F/662,12023016,4F/F/662-A
4F/F/662,12005084,4F/F/662-B
4F/F/662,12005081,4F/F/662-C
4F/F/663,12019334,4F/F/663-A
4F/F/663,12005089,4F/F/663-B
4F/F/663,12005091,4F/F/663-C
4F/F/664,12009404,4F/F/664-A
4F/F/664,12019334,4F/F/664-B
4F/F/665,12019334,4F/F/665-A
4F/F/666,12019334,4F/F/666-A
4F/F/667,,4F/F/667-A
4F/F/668,12009541,4F/F/668-A
4F/F/669,12009541,4F/F/669-A
4F/F/670,12034355,4F/F/670-A
4F/F/671,12009541,4F/F/671-A
4F/F/672,12009541,4F/F/672-A
4F/F/673,12022757,4F/F/673-A
4F/G/674,12008910,4F/G/674-A
4F/G/675,12009286,4F/G/675-A
4F/G/675,12014010,4F/G/675-B
4F/G/676,12023011,4F/G/676-A
4F/G/676,12019324,4F/G/676-B
4F/G/676,16003554,4F/G/676-C
4F/G/677,12024398,4F/G/677-A
4F/G/678,12022399,4F/G/678-A
4F/G/679,12022399,4F/G/679-A
4F/G/680,12022399,4F/G/680-A
4F/G/681,12022399,4F/G/681-A
4F/G/682,12022399,4F/G/682-A
4F/G/683,12022399,4F/G/683-A
4F/G/684,12022399,4F/G/684-A
4F/G/685,12024443,4F/G/685-A
4F/G/686,12022399,4F/G/686-A
4F/G/687,12022399,4F/G/687-A
4F/G/688,12027921,4F/G/688-A
4F/H/689,12004317,4F/H/689-A
4F/H/690,12005071,4F/H/690-A
4F/H/691,12005669,4F/H/691-A
4F/H/692,12019185,4F/H/692-A
4F/H/692,12014495,4F/H/692-B
4F/H/692,12020553,4F/H/692-C
4F/H/692,12019932,4F/H/692-D
4F/H/692,12005669,4F/H/692-E
4F/H/692,12023016,4F/H/692-F
4F/H/693,12005080,4F/H/693-A
4F/H/694,12005669,4F/H/694-A
4F/H/695,12005064,4F/H/695-A
4F/H/695,12014043,4F/H/695-B
4F/H/695,12019382,4F/H/695-C
4F/H/695,12019785,4F/H/695-D
4F/H/696,16000085,4F/H/696-A
4F/H/696,12012614,4F/H/696-B
4F/H/696,12005099,4F/H/696-C
4F/H/696,12009286,4F/H/696-D
4F/H/697,12005669,4F/H/697-A
4F/H/698,,4F/H/698-A
4F/H/699,,4F/H/699-A
4F/H/700,12028015,4F/H/700-A
4F/H/701,12005072,4F/H/701-A
4F/H/702,12008629,4F/H/702-A
4F/H/703,12024444,4F/H/703-A
GF/B/013,12008987,GF/B/013-B
GF/B/017,16021039,GF/B/017-B
GF/B/022,12000676,GF/B/022-B
GF/B/025,12000076,GF/B/025-C
GF/B/025,12000087,GF/B/025-D
GF/B/026,12000109,GF/B/026-C
GF/B/026,12000110,GF/B/026-D
GF/B/027,12000127,GF/B/027-B
GF/B/028,12000124,GF/B/028-B
GF/C/029,12000059,GF/C/029-E
GF/C/029,12000165,GF/C/029-F
GF/C/029,12000370,GF/C/029-G
GF/C/029,12000371,GF/C/029-H
GF/C/030,12000366,GF/C/030-B
GF/C/033,12000381,GF/C/033-E
GF/C/033,12000382,GF/C/033-F
GF/C/033,12000383,GF/C/033-G
GF/C/033,12000384,GF/C/033-H
GF/C/037,16018815,GF/C/037-B
GF/C/039,12000373,GF/C/039-B
GF/C/041,12000421,GF/C/041-B
GF/C/042,12000424,GF/C/042-C
GF/C/042,12000425,GF/C/042-D
GF/C/043,12000420,GF/C/043-D
GF/C/043,12000422,GF/C/043-E
GF/C/043,12000423,GF/C/043-F
GF/C/044,12000416,GF/C/044-E
GF/C/044,12000417,GF/C/044-F
GF/C/044,12000418,GF/C/044-G
GF/C/044,12000419,GF/C/044-H
GF/C/045,12000465,GF/C/045-B
GF/C/046,12000428,GF/C/046-E
GF/C/046,12000470,GF/C/046-F
GF/C/046,12000471,GF/C/046-G
GF/C/046,12000472,GF/C/046-H
GF/C/047,12000432,GF/C/047-B
GF/C/048,12000426,GF/C/048-D
GF/C/048,12000427,GF/C/048-E
GF/C/048,12000455,GF/C/048-F
GF/D/049,12000468,GF/D/049-D
GF/D/049,12000481,GF/D/049-E
GF/D/050,12000674,GF/D/050-B
GF/D/051,12000482,GF/D/051-B
GF/D/052,12000469,GF/D/052-C
GF/D/052,12000483,GF/D/052-D
GF/D/053,12000489,GF/D/053-B
GF/D/054,12000675,GF/D/054-B
GF/D/056,12004166,GF/D/056-B
GF/D/057,12007164,GF/D/057-D
GF/D/057,12004862,GF/D/057-E
GF/D/057,12007353,GF/D/057-F
GF/D/058,12003802,GF/D/058-C
GF/D/058,12003803,GF/D/058-D
GF/D/059,12007750,GF/D/059-C
GF/D/059,12000476,GF/D/059-D
GF/D/060,12005683,GF/D/060-C
GF/D/060,12005900,GF/D/060-D
GF/D/061,12008876,GF/D/061-C
GF/D/061,12008877,GF/D/061-D
GF/D/062,12008951,GF/D/062-B
GF/D/063,12013333,GF/D/063-B
GF/D/064,12008254,GF/D/064-C
GF/D/065,12013933,GF/D/065-C
GF/D/065,12014034,GF/D/065-D
GF/D/066,12008983,GF/D/066-D
GF/D/066,12014076,GF/D/066-E
GF/D/066,12014186,GF/D/066-F
GF/D/067,12018770,GF/D/067-D
GF/D/067,12019934,GF/D/067-E
GF/D/067,12019936,GF/D/067-F
GF/D/068,12019937,GF/D/068-C
GF/D/068,12020401,GF/D/068-D
GF/E/069,12018327,GF/E/069-B
GF/E/070,12019970,GF/E/070-B
GF/E/071,12028812,GF/E/071-B
GF/E/072,12021063,GF/E/072-B
GF/E/073,12025406,GF/E/073-D
GF/E/073,12025407,GF/E/073-E
GF/E/073,16018823,GF/E/073-F
GF/E/074,12035199,GF/E/074-D
GF/E/074,16002155,GF/E/074-E
GF/E/074,16002431,GF/E/074-F
GF/E/075,16000465,GF/E/075-B
GF/E/076,16000463,GF/E/076-D
GF/E/076,16000380,GF/E/076-E
GF/E/076,16000471,GF/E/076-F
GF/E/077,16000340,GF/E/077-B
GF/E/078,16002147,GF/E/078-B
GF/E/079,16002150,GF/E/079-B
GF/E/081,16000402,GF/E/081-D
GF/E/081,16000403,GF/E/081-E
GF/E/081,16000387,GF/E/081-F
GF/E/082,16002433,GF/E/082-D
GF/E/082,16002770,GF/E/082-E
GF/E/082,16002923,GF/E/082-F
GF/E/083,16003468,GF/E/083-B
GF/E/086,16009201,GF/E/086-B
GF/E/087,16010256,GF/E/087-B
GF/F/090,16018816,GF/F/090-B
GF/F/093,16018817,GF/F/093-F
GF/F/093,16018819,GF/F/093-G
GF/F/093,16018820,GF/F/093-H
GF/F/093,16018821,GF/F/093-I
GF/F/093,12000801,GF/F/093-J
GF/F/094,16021389,GF/F/094-B
GF/F/097,16018822,GF/F/097-B
GF/F/105,12000800,GF/F/105-C
GF/F/105,12000067,GF/F/105-D
GF/G/117,12019932,GF/G/117-B
GF/G/121,12019933,GF/G/121-B
GF/H/129,12000009,GF/H/129-B
1F/A/149,12027121,1F/A/149-B
1F/C/189,12000140,1F/C/189-C
1F/C/189,12000141,1F/C/189-D
1F/C/190,12000167,1F/C/190-D
1F/C/190,12000168,1F/C/190-E
1F/C/190,12000170,1F/C/190-F
1F/C/191,12000176,1F/C/191-E
1F/C/191,12000177,1F/C/191-F
1F/C/191,12000179,1F/C/191-G
1F/C/191,12000193,1F/C/191-H
1F/C/193,12000201,1F/C/193-E
1F/C/193,12000202,1F/C/193-F
1F/C/193,12000359,1F/C/193-G
1F/C/193,12000360,1F/C/193-H
1F/C/194,12000362,1F/C/194-E
1F/C/194,12000363,1F/C/194-F
1F/C/194,12000364,1F/C/194-G
1F/C/194,12000367,1F/C/194-H
1F/C/195,16000093,1F/C/195-B
1F/C/196,12000361,1F/C/196-E
1F/C/196,12000365,1F/C/196-F
1F/C/196,12000374,1F/C/196-G
1F/C/196,12000378,1F/C/196-H
1F/D/197,12000477,1F/D/197-B
1F/D/198,12000444,1F/D/198-D
1F/D/198,12000447,1F/D/198-E
1F/D/198,12000451,1F/D/198-F
1F/D/199,12000433,1F/D/199-E
1F/D/199,12000434,1F/D/199-F
1F/D/199,12000435,1F/D/199-G
1F/D/199,12000440,1F/D/199-H
1F/D/200,12000379,1F/D/200-E
1F/D/200,12000380,1F/D/200-F
1F/D/200,12000429,1F/D/200-G
1F/D/200,12000431,1F/D/200-H
1F/D/201,12000491,1F/D/201-B
1F/D/202,12000560,1F/D/202-B
1F/D/204,12000500,1F/D/204-E
1F/D/204,12000579,1F/D/204-F
1F/D/204,12000580,1F/D/204-G
1F/D/204,12000590,1F/D/204-H
1F/D/205,12000591,1F/D/205-E
1F/D/205,12000605,1F/D/205-F
1F/D/205,12000607,1F/D/205-G
1F/D/205,12000608,1F/D/205-H
1F/D/206,12000661,1F/D/206-D
1F/D/206,12000731,1F/D/206-E
1F/D/206,12000732,1F/D/206-F
1F/D/207,12000743,1F/D/207-C
1F/D/207,12000744,1F/D/207-D
1F/D/208,12003806,1F/D/208-C
1F/D/208,12003809,1F/D/208-D
1F/D/209,12003815,1F/D/209-B
1F/D/210,12003904,1F/D/210-D
1F/D/210,12004223,1F/D/210-E
1F/D/210,12004386,1F/D/210-F
1F/D/211,12003817,1F/D/211-C
1F/D/211,12003818,1F/D/211-D
1F/D/213,12004974,1F/D/213-B
1F/D/214,12006865,1F/D/214-B
1F/D/215,12005688,1F/D/215-C
1F/D/215,12006030,1F/D/215-D
1F/D/216,12005680,1F/D/216-C
1F/D/216,12005681,1F/D/216-D
1F/E/217,12007160,1F/E/217-B
1F/E/218,12007352,1F/E/218-C
1F/E/218,12007354,1F/E/218-D
1F/E/219,12007165,1F/E/219-B
1F/E/220,12007751,1F/E/220-B
1F/E/221,12007355,1F/E/221-C
1F/E/222,12008898,1F/E/222-C
1F/E/222,12008950,1F/E/222-D
1F/E/223,12007752,1F/E/223-B
1F/E/225,12008981,1F/E/225-E
1F/E/225,12008982,1F/E/225-F
1F/E/225,12008985,1F/E/225-G
1F/E/225,12008986,1F/E/225-H
1F/E/226,12009349,1F/E/226-B
1F/E/227,12009039,1F/E/227-E
1F/E/227,12009311,1F/E/227-F
1F/E/227,12009312,1F/E/227-G
1F/E/227,12009331,1F/E/227-H
1F/E/228,12009020,1F/E/228-D
1F/E/228,12009038,1F/E/228-E
1F/E/228,12009040,1F/E/228-F
1F/E/229,12009372,1F/E/229-B
1F/E/230,12009382,1F/E/230-E
1F/E/230,12009384,1F/E/230-F
1F/E/230,12009385,1F/E/230-G
1F/E/230,12009386,1F/E/230-H
1F/E/231,12009379,1F/E/231-D
1F/E/231,12009380,1F/E/231-E
1F/E/231,12009381,1F/E/231-F
1F/E/232,12009376,1F/E/232-D
1F/E/232,12009377,1F/E/232-E
1F/E/232,12009378,1F/E/232-F
1F/E/233,12009387,1F/E/233-F
1F/E/233,12013602,1F/E/233-G
1F/E/233,12013732,1F/E/233-H
1F/E/233,12013733,1F/E/233-I
1F/E/233,12013734,1F/E/233-J
1F/E/234,12013934,1F/E/234-E
1F/E/234,12014070,1F/E/234-F
1F/E/234,12014210,1F/E/234-G
1F/E/235,12013918,1F/E/235-E
1F/E/235,12013920,1F/E/235-F
1F/E/235,12013921,1F/E/235-G
1F/E/235,12013932,1F/E/235-H
1F/E/236,12013601,1F/E/236-E
1F/E/236,12013846,1F/E/236-F
1F/E/236,12013847,1F/E/236-G
1F/E/236,12013848,1F/E/236-H
1F/F/237,12014211,1F/F/237-D
1F/F/237,12014315,1F/F/237-E
1F/F/237,12014320,1F/F/237-F
1F/F/238,12019186,1F/F/238-C
1F/F/238,12019651,1F/F/238-D
1F/F/239,12019938,1F/F/239-B
1F/F/240,12014555,1F/F/240-D
1F/F/240,12020385,1F/F/240-E
1F/F/240,12020386,1F/F/240-F
1F/F/241,12014427,1F/F/241-C
1F/F/241,12015197,1F/F/241-D
1F/F/242,12019939,1F/F/242-B
1F/F/243,12020412,1F/F/243-B
1F/F/245,12029411,1F/F/245-B
1F/F/247,12022397,1F/F/247-C
1F/F/247,12023831,1F/F/247-D
1F/F/248,12021454,1F/F/248-E
1F/F/248,12022010,1F/F/248-F
1F/F/248,12022394,1F/F/248-G
1F/F/248,12022396,1F/F/248-H
1F/F/249,16000049,1F/F/249-D
1F/F/249,16000050,1F/F/249-E
1F/F/249,16000382,1F/F/249-F
1F/F/250,16000475,1F/F/250-C
1F/F/250,16000477,1F/F/250-D
1F/F/251,16002718,1F/F/251-D
1F/F/251,16002925,1F/F/251-E
1F/F/251,16009198,1F/F/251-F
1F/F/252,12034121,1F/F/252-C
1F/F/252,16000040,1F/F/252-D
1F/F/253,16010618,1F/F/253-D
1F/F/253,16010650,1F/F/253-E
1F/F/253,16010651,1F/F/253-F
1F/F/254,16014027,1F/F/254-C
1F/F/254,16014028,1F/F/254-D
1F/F/255,16023057,1F/F/255-C
1F/F/255,16039844,1F/F/255-D
1F/F/256,16010617,1F/F/256-B
1F/G/259,12020398,1F/G/259-B
1F/G/260,12000368,1F/G/260-C
1F/G/272,12007151,1F/G/272-D
2F/A/297,12007699,2F/A/297-E
2F/A/297,16003002,2F/A/297-F
2F/A/297,16009145,2F/A/297-G
2F/A/297,12000130,2F/A/297-H
2F/A/298,16003476,2F/A/298-E
2F/A/298,12009401,2F/A/298-F
2F/A/298,12009402,2F/A/298-G
2F/A/299,12007697,2F/A/299-E
2F/A/299,16010491,2F/A/299-F
2F/A/300,16003685,2F/A/300-E
2F/A/300,16000541,2F/A/300-F
2F/A/300,16000542,2F/A/300-G
2F/A/300,16000544,2F/A/300-H
2F/A/301,12009536,2F/A/301-B
2F/A/302,12009539,2F/A/302-B
2F/A/303,12013604,2F/A/303-B
2F/A/304,12012912,2F/A/304-E
2F/A/304,12009537,2F/A/304-F
2F/A/304,16010490,2F/A/304-G
2F/A/304,12021412,2F/A/304-H
2F/A/305,12004385,2F/A/305-B
2F/A/306,12021453,2F/A/306-B
2F/A/308,12004333,2F/A/308-E
2F/A/308,12009399,2F/A/308-F
2F/A/308,16015262,2F/A/308-G
2F/A/308,12021411,2F/A/308-H
2F/B/309,12021243,2F/B/309-E
2F/B/309,12024781,2F/B/309-F
2F/B/309,12005863,2F/B/309-G
2F/B/310,16010614,2F/B/310-D
2F/B/310,16010570,2F/B/310-E
2F/B/310,12019049,2F/B/310-F
2F/B/311,12013552,2F/B/311-E
2F/B/311,12013553,2F/B/311-F
2F/B/311,16009994,2F/B/311-G
2F/B/311,16010487,2F/B/311-H
2F/B/312,12020393,2F/B/312-B
2F/B/313,16003007,2F/B/313-B
2F/B/314,16019314,2F/B/314-B
2F/B/315,16010359,2F/B/315-B
2F/B/317,12019016,2F/B/317-E
2F/B/317,12019223,2F/B/317-F
2F/B/317,12019305,2F/B/317-G
2F/B/317,12019307,2F/B/317-H
2F/B/318,12019306,2F/B/318-C
2F/B/318,12019304,2F/B/318-D
2F/B/319,12019017,2F/B/319-D
2F/B/319,12022616,2F/B/319-E
2F/B/319,12022598,2F/B/319-F
2F/B/320,12019205,2F/B/320-C
2F/B/320,12019041,2F/B/320-D
2F/B/321,12012646,2F/B/321-B
2F/B/322,12003925,2F/B/322-C
2F/B/322,12000214,2F/B/322-D
2F/B/323,12000723,2F/B/323-C
2F/B/323,12000216,2F/B/323-D
2F/B/324,12012648,2F/B/324-B
2F/C/325,12033480,2F/C/325-B
2F/C/327,12012647,2F/C/327-B
2F/C/328,12012649,2F/C/328-C
2F/C/328,12012650,2F/C/328-D
2F/C/329,12004281,2F/C/329-B
2F/C/330,12004280,2F/C/330-C
2F/C/330,12019310,2F/C/330-D
2F/C/331,12004282,2F/C/331-E
2F/C/331,12027920,2F/C/331-F
2F/C/331,12009485,2F/C/331-G
2F/C/332,12009484,2F/C/332-C
2F/C/332,12009391,2F/C/332-D
2F/C/333,12004303,2F/C/333-D
2F/C/333,16003811,2F/C/333-E
2F/C/333,12009390,2F/C/333-F
2F/C/334,12014051,2F/C/334-D
2F/C/334,12008979,2F/C/334-E
2F/C/334,12019989,2F/C/334-F
2F/C/335,12034003,2F/C/335-D
2F/C/335,12028601,2F/C/335-E
2F/C/335,12019985,2F/C/335-F
2F/C/336,12019263,2F/C/336-E
2F/C/336,12014987,2F/C/336-F
2F/C/336,12019267,2F/C/336-G
2F/C/336,12014058,2F/C/336-H
2F/C/337,12028434,2F/C/337-B
2F/C/339,12014086,2F/C/339-C
2F/C/339,12014811,2F/C/339-D
2F/C/340,12025151,2F/C/340-E
2F/C/340,12014815,2F/C/340-F
2F/C/340,12021540,2F/C/340-G
2F/C/340,12019986,2F/C/340-H
2F/C/341,12014050,2F/C/341-B
2F/C/343,12014052,2F/C/343-D
2F/C/343,12021556,2F/C/343-E
2F/C/343,16023694,2F/C/343-F
2F/C/344,12019987,2F/C/344-D
2F/C/344,12020528,2F/C/344-E
2F/C/344,12014819,2F/C/344-F
2F/D/345,16018033,2F/D/345-B
2F/D/346,12020531,2F/D/346-D
2F/D/346,12014812,2F/D/346-E
2F/D/346,12023854,2F/D/346-F
2F/D/347,12022996,2F/D/347-C
2F/D/347,12025266,2F/D/347-D
2F/D/348,12020526,2F/D/348-D
2F/D/348,12014814,2F/D/348-E
2F/D/348,12014810,2F/D/348-F
2F/D/349,12022990,2F/D/349-B
2F/D/350,12019992,2F/D/350-E
2F/D/350,12014091,2F/D/350-F
2F/D/350,12024803,2F/D/350-G
2F/D/350,12024415,2F/D/350-H
2F/D/351,12020527,2F/D/351-E
2F/D/351,12025648,2F/D/351-F
2F/D/351,12020529,2F/D/351-G
2F/D/351,12020530,2F/D/351-H
2F/D/352,12023069,2F/D/352-D
2F/D/352,16020785,2F/D/352-E
2F/D/352,12026376,2F/D/352-F
2F/D/353,12022994,2F/D/353-B
2F/D/356,12021555,2F/D/356-D
2F/D/356,12021542,2F/D/356-E
2F/D/356,12025017,2F/D/356-F
2F/D/357,12014809,2F/D/357-B
2F/D/360,12022301,2F/D/360-C
2F/D/360,12029293,2F/D/360-D
2F/D/361,12029294,2F/D/361-C
2F/D/361,12019265,2F/D/361-D
2F/D/362,12025128,2F/D/362-F
2F/D/362,12022300,2F/D/362-G
2F/D/362,12024671,2F/D/362-H
2F/D/362,12025275,2F/D/362-I
2F/D/362,12019264,2F/D/362-J
2F/D/363,12014990,2F/D/363-C
2F/D/364,12019221,2F/D/364-C
2F/D/364,12019266,2F/D/364-D
2F/E/365,12023957,2F/E/365-B
2F/E/366,12023958,2F/E/366-C
2F/E/366,12024266,2F/E/366-D
2F/E/367,12023987,2F/E/367-D
2F/E/367,12023988,2F/E/367-E
2F/E/367,12023961,2F/E/367-F
2F/E/368,12032710,2F/E/368-D
2F/E/368,12024262,2F/E/368-E
2F/E/368,12024264,2F/E/368-F
2F/E/369,12024263,2F/E/369-E
2F/E/369,12023715,2F/E/369-F
2F/E/369,12023959,2F/E/369-G
2F/E/369,12023960,2F/E/369-H
2F/E/370,12024789,2F/E/370-C
2F/E/372,12023962,2F/E/372-C
2F/E/372,16023340,2F/E/372-D
2F/E/373,12026380,2F/E/373-B
2F/E/374,12026379,2F/E/374-B
2F/E/375,12023410,2F/E/375-F
2F/E/375,12024265,2F/E/375-G
2F/E/375,12023521,2F/E/375-H
2F/E/375,12000171,2F/E/375-I
2F/E/376,12023985,2F/E/376-E
2F/E/376,12030231,2F/E/376-F
2F/E/376,12023984,2F/E/376-G
2F/E/376,12028570,2F/E/376-H
2F/E/377,12026374,2F/E/377-B
2F/E/382,12000191,2F/E/382-B
2F/E/383,12004425,2F/E/383-C
2F/E/383,12026375,2F/E/383-D
2F/F/385,12004790,2F/F/385-B
2F/F/386,12000148,2F/F/386-B
2F/F/387,12004112,2F/F/387-B
2F/F/388,12000410,2F/F/388-B
2F/F/389,12000089,2F/F/389-B
2F/F/390,12004110,2F/F/390-B
2F/F/392,12004111,2F/F/392-C
2F/F/392,12004118,2F/F/392-D
2F/F/393,12004426,2F/F/393-B
2F/F/394,12004117,2F/F/394-D
2F/F/394,12005687,2F/F/394-E
2F/F/394,12026378,2F/F/394-F
2F/F/396,12013562,2F/F/396-E
2F/F/396,12004114,2F/F/396-F
2F/F/396,12004115,2F/F/396-G
2F/F/396,12004116,2F/F/396-H
2F/F/397,12004785,2F/F/397-D
2F/F/397,12004786,2F/F/397-E
2F/F/397,12004787,2F/F/397-F
2F/F/398,12008909,2F/F/398-B
2F/F/399,12004781,2F/F/399-C
2F/F/399,12004783,2F/F/399-D
2F/F/400,12013551,2F/F/400-E
2F/F/400,12009464,2F/F/400-F
2F/F/400,12020499,2F/F/400-G
2F/F/400,12000192,2F/F/400-H
2F/F/401,12005334,2F/F/401-D
2F/F/401,12003923,2F/F/401-E
2F/F/401,12000007,2F/F/401-F
2F/F/402,12018351,2F/F/402-B
2F/F/403,12000001,2F/F/403-E
2F/F/403,12000142,2F/F/403-F
2F/F/403,12000143,2F/F/403-G
2F/F/403,12000203,2F/F/403-H
2F/F/404,12000005,2F/F/404-E
2F/F/404,12004782,2F/F/404-F
2F/F/404,12003969,2F/F/404-G
2F/F/404,12000004,2F/F/404-H
2F/G/405,12000000,2F/G/405-B
2F/G/406,12000145,2F/G/406-B
2F/G/407,12000780,2F/G/407-B
2F/G/408,12000352,2F/G/408-C
2F/G/408,12000571,2F/G/408-D
2F/G/409,12004424,2F/G/409-B
2F/G/417,12000128,2F/G/417-B
2F/G/418,12004298,2F/G/418-D
2F/G/418,12000690,2F/G/418-E
2F/G/419,12004295,2F/G/419-D
2F/G/419,12004296,2F/G/419-E
2F/G/419,12004300,2F/G/419-F
2F/G/420,12005690,2F/G/420-D
2F/G/420,12004297,2F/G/420-E
2F/G/420,12004299,2F/G/420-F
2F/G/421,12000570,2F/G/421-B
2F/G/424,12004301,2F/G/424-D
2F/G/424,12004302,2F/G/424-E
2F/G/424,12005691,2F/G/424-F
2F/H/425,16000000,2F/H/425-B
2F/H/427,12009538,2F/H/427-B
2F/H/429,16000094,2F/H/429-B
2F/H/432,12000144,2F/H/432-C
2F/H/432,12000782,2F/H/432-D
2F/H/433,12009533,2F/H/433-B
3F/A/445,12020533,3F/A/445-C
3F/A/445,12020553,3F/A/445-D
3F/A/446,12019322,3F/A/446-E
3F/A/446,12019378,3F/A/446-F
3F/A/446,12022164,3F/A/446-G
3F/A/446,12019377,3F/A/446-H
3F/A/447,12019370,3F/A/447-D
3F/A/447,12019371,3F/A/447-E
3F/A/447,12019383,3F/A/447-F
3F/A/448,12019365,3F/A/448-C
3F/A/448,12019369,3F/A/448-D
3F/A/449,12019374,3F/A/449-D
3F/A/449,12019373,3F/A/449-E
3F/A/449,12019376,3F/A/449-F
3F/A/450,12019386,3F/A/450-C
3F/A/450,12019372,3F/A/450-D
3F/A/451,12019364,3F/A/451-C
3F/A/451,12019385,3F/A/451-D
3F/A/452,12028441,3F/A/452-E
3F/A/452,12027596,3F/A/452-F
3F/A/452,12028437,3F/A/452-G
3F/A/452,12028440,3F/A/452-H
3F/A/453,12028336,3F/A/453-D
3F/A/453,12031101,3F/A/453-E
3F/A/453,12030122,3F/A/453-F
3F/A/454,12027919,3F/A/454-E
3F/A/454,12034661,3F/A/454-F
3F/A/454,12028443,3F/A/454-G
3F/A/454,12034658,3F/A/454-H
3F/A/455,12034659,3F/A/455-E
3F/A/455,12030180,3F/A/455-F
3F/A/455,12030179,3F/A/455-G
3F/A/455,12027545,3F/A/455-H
3F/A/456,12028438,3F/A/456-E
3F/A/456,12028436,3F/A/456-F
3F/A/456,12034660,3F/A/456-G
3F/A/456,12034657,3F/A/456-H
3F/B/457,12026547,3F/B/457-E
3F/B/457,12026546,3F/B/457-F
3F/B/457,12026545,3F/B/457-G
3F/B/457,12026548,3F/B/457-H
3F/B/458,12030599,3F/B/458-E
3F/B/458,12030598,3F/B/458-F
3F/B/458,12030597,3F/B/458-G
3F/B/458,12030600,3F/B/458-H
3F/B/459,12028334,3F/B/459-C
3F/B/459,12028331,3F/B/459-D
3F/B/460,12028058,3F/B/460-E
3F/B/460,12028335,3F/B/460-F
3F/B/460,12028332,3F/B/460-G
3F/B/460,12028171,3F/B/460-H
3F/B/461,12020097,3F/B/461-D
3F/B/461,12020098,3F/B/461-E
3F/B/461,12022655,3F/B/461-F
3F/B/462,16021579,3F/B/462-C
3F/B/462,12023461,3F/B/462-D
3F/B/463,12022610,3F/B/463-D
3F/B/463,16009414,3F/B/463-E
3F/B/464,12012614,3F/B/464-D
3F/B/464,12020096,3F/B/464-E
3F/B/464,12015183,3F/B/464-F
3F/B/465,12029645,3F/B/465-C
3F/B/465,16024700,3F/B/465-D
3F/B/466,16024702,3F/B/466-C
3F/B/466,12033481,3F/B/466-D
3F/B/467,12029453,3F/B/467-D
3F/B/467,12033415,3F/B/467-E
3F/B/467,12033446,3F/B/467-F
3F/B/468,12015173,3F/B/468-E
3F/B/468,16009302,3F/B/468-F
3F/B/468,12021402,3F/B/468-G
3F/B/468,12029358,3F/B/468-H
3F/B/469,12009434,3F/B/469-B
3F/B/470,12012611,3F/B/470-B
3F/B/471,12012613,3F/B/471-B
3F/C/474,12037000,3F/C/474-B
3F/C/477,12034836,3F/C/477-C
3F/C/477,12012550,3F/C/477-D
3F/C/481,12014272,3F/C/481-B
3F/C/482,16010679,3F/C/482-E
3F/C/482,12020100,3F/C/482-F
3F/C/482,12009333,3F/C/482-G
3F/C/482,12013370,3F/C/482-H
3F/C/483,12009435,3F/C/483-D
3F/C/483,12009330,3F/C/483-E
3F/C/483,12015171,3F/C/483-F
3F/C/484,12012616,3F/C/484-F
3F/C/484,12015168,3F/C/484-G
3F/C/484,12012610,3F/C/484-H
3F/C/484,12015166,3F/C/484-I
3F/C/484,12018477,3F/C/484-J
3F/C/485,12009433,3F/C/485-E
3F/C/485,12009431,3F/C/485-F
3F/C/485,12009332,3F/C/485-G
3F/C/485,12009432,3F/C/485-H
3F/C/486,12015179,3F/C/486-B
3F/C/488,12025731,3F/C/488-C
3F/C/489,12015170,3F/C/489-C
3F/C/489,16019489,3F/C/489-D
3F/C/490,16024701,3F/C/490-B
3F/C/492,12030875,3F/C/492-D
3F/C/492,12012615,3F/C/492-E
3F/C/492,12015184,3F/C/492-F
3F/D/493,12015045,3F/D/493-B
3F/D/494,12027703,3F/D/494-C
3F/D/495,12019257,3F/D/495-B
3F/D/497,12015028,3F/D/497-D
3F/D/501,16025158,3F/D/501-D
3F/D/501,16024887,3F/D/501-E
3F/D/501,16010504,3F/D/501-F
3F/D/502,16010497,3F/D/502-C
3F/D/502,12029728,3F/D/502-D
3F/D/503,12015043,3F/D/503-C
3F/D/503,12030747,3F/D/503-D
3F/D/504,12015060,3F/D/504-E
3F/D/504,12015059,3F/D/504-F
3F/D/504,12021621,3F/D/504-G
3F/D/504,12022713,3F/D/504-H
3F/D/505,16020496,3F/D/505-B
3F/D/507,12021396,3F/D/507-C
3F/D/507,12015040,3F/D/507-D
3F/D/508,12022165,3F/D/508-C
3F/D/509,12015034,3F/D/509-C
3F/D/509,16018062,3F/D/509-D
3F/D/510,16014033,3F/D/510-C
3F/D/510,12013028,3F/D/510-D
3F/D/511,12021222,3F/D/511-D
3F/D/511,12021221,3F/D/511-E
3F/D/511,12021223,3F/D/511-F
3F/D/512,12027704,3F/D/512-E
3F/D/512,12023091,3F/D/512-F
3F/D/512,12025281,3F/D/512-G
3F/D/512,12013034,3F/D/512-H
3F/E/514,16017482,3F/E/514-B
3F/E/515,16017542,3F/E/515-B
3F/E/516,12013035,3F/E/516-D
3F/E/516,16024820,3F/E/516-E
3F/E/516,12021230,3F/E/516-F
3F/E/517,12023398,3F/E/517-B
3F/E/518,12013020,3F/E/518-D
3F/E/518,12015044,3F/E/518-E
3F/E/518,12021611,3F/E/518-F
3F/E/519,12014565,3F/E/519-C
3F/E/519,12020090,3F/E/519-D
3F/E/520,14002950,3F/E/520-F
3F/E/520,12029734,3F/E/520-G
3F/E/520,12027376,3F/E/520-H
3F/E/521,12014557,3F/E/521-D
3F/E/521,12014559,3F/E/521-E
3F/E/521,12014556,3F/E/521-F
3F/E/522,12018328,3F/E/522-D
3F/E/522,12009396,3F/E/522-E
3F/E/522,12013025,3F/E/522-F
3F/E/523,12013016,3F/E/523-E
3F/E/523,12015042,3F/E/523-F
3F/E/523,12014560,3F/E/523-G
3F/E/523,12015039,3F/E/523-H
3F/E/524,12021227,3F/E/524-E
3F/E/524,12013024,3F/E/524-F
3F/E/524,12013414,3F/E/524-G
3F/E/524,12013418,3F/E/524-H
3F/E/525,12019929,3F/E/525-E
3F/E/525,12021714,3F/E/525-F
3F/E/525,12019930,3F/E/525-G
3F/E/525,16010661,3F/E/525-H
3F/E/526,12013010,3F/E/526-E
3F/E/526,12013037,3F/E/526-F
3F/E/526,12018123,3F/E/526-G
3F/E/526,12013015,3F/E/526-H
3F/E/527,12013033,3F/E/527-E
3F/E/527,16010663,3F/E/527-F
3F/E/527,12021226,3F/E/527-G
3F/E/527,16010495,3F/E/527-H
3F/E/528,12013031,3F/E/528-E
3F/E/528,12021225,3F/E/528-F
3F/E/528,12013012,3F/E/528-G
3F/E/528,12014561,3F/E/528-H
3F/E/529,12021647,3F/E/529-B
3F/E/530,12029450,3F/E/530-B
3F/E/531,12021646,3F/E/531-B
3F/E/532,12021401,3F/E/532-E
3F/E/532,16024821,3F/E/532-F
3F/E/532,16010494,3F/E/532-G
3F/E/532,12022167,3F/E/532-H
3F/F/533,12021643,3F/F/533-C
3F/F/533,12029215,3F/F/533-D
3F/F/534,12028585,3F/F/534-B
3F/F/535,12022651,3F/F/535-E
3F/F/535,12015036,3F/F/535-F
3F/F/535,12015119,3F/F/535-G
3F/F/535,12037351,3F/F/535-H
3F/F/536,16024886,3F/F/536-E
3F/F/536,16010498,3F/F/536-F
3F/F/536,12019328,3F/F/536-G
3F/F/537,12021644,3F/F/537-C
3F/F/537,12005606,3F/F/537-D
3F/F/538,12021253,3F/F/538-B
3F/F/539,12005113,3F/F/539-C
3F/F/539,12027127,3F/F/539-D
3F/F/540,12035659,3F/F/540-C
3F/F/540,16023069,3F/F/540-D
3F/F/541,12009282,3F/F/541-B
3F/F/543,12009294,3F/F/543-C
3F/F/543,12021257,3F/F/543-D
3F/F/544,12035660,3F/F/544-C
3F/F/544,12022586,3F/F/544-D
3F/F/545,12030118,3F/F/545-B
3F/F/547,12024261,3F/F/547-B
3F/F/548,12024260,3F/F/548-C
3F/F/548,16023070,3F/F/548-D
3F/F/549,12030116,3F/F/549-B
3F/F/551,12036999,3F/F/551-B
3F/F/552,12005115,3F/F/552-D
3F/F/552,12026742,3F/F/552-E
3F/F/552,12005116,3F/F/552-F
3F/G/553,16021789,3F/G/553-C
3F/G/553,12022333,3F/G/553-D
3F/G/554,12022597,3F/G/554-C
3F/G/554,12009285,3F/G/554-D
3F/G/555,12024304,3F/G/555-B
3F/G/556,12030873,3F/G/556-C
3F/G/556,12035664,3F/G/556-D
3F/G/557,12030117,3F/G/557-B
3F/G/559,12036998,3F/G/559-B
3F/G/560,12021338,3F/G/560-B
3F/G/564,16023071,3F/G/564-C
3F/G/564,12035655,3F/G/564-D
3F/G/565,12021547,3F/G/565-D
3F/G/565,12022652,3F/G/565-E
3F/G/565,16023068,3F/G/565-F
3F/G/566,12005079,3F/G/566-B
3F/G/569,12005075,3F/G/569-C
3F/G/569,12005073,3F/G/569-D
3F/G/570,12022587,3F/G/570-C
3F/G/570,12005076,3F/G/570-D
3F/G/571,12023407,3F/G/571-B
3F/G/572,12022295,3F/G/572-D
3F/G/572,12022564,3F/G/572-E
3F/G/572,12014011,3F/G/572-F
3F/H/573,16025585,3F/H/573-D
3F/H/573,12021258,3F/H/573-E
3F/H/573,12024250,3F/H/573-F
3F/H/574,12027365,3F/H/574-D
3F/H/574,12009283,3F/H/574-E
3F/H/574,12034238,3F/H/574-F
3F/H/575,12022683,3F/H/575-E
3F/H/575,12022684,3F/H/575-F
3F/H/575,12022686,3F/H/575-G
3F/H/575,12022685,3F/H/575-H
3F/H/576,12005087,3F/H/576-B
3F/H/577,12022298,3F/H/577-E
3F/H/577,12022297,3F/H/577-F
3F/H/577,12027102,3F/H/577-G
3F/H/577,12027097,3F/H/577-H
3F/H/578,12018476,3F/H/578-E
3F/H/578,12022299,3F/H/578-F
3F/H/578,12027104,3F/H/578-G
3F/H/578,12021545,3F/H/578-H
3F/H/579,12027902,3F/H/579-F
3F/H/579,12027901,3F/H/579-G
3F/H/579,12021255,3F/H/579-H
3F/H/579,12022595,3F/H/579-I
3F/H/579,12005078,3F/H/579-J
3F/H/580,12027105,3F/H/580-E
3F/H/580,12022296,3F/H/580-F
3F/H/580,12009287,3F/H/580-G
3F/H/580,12030121,3F/H/580-H
3F/H/581,12024305,3F/H/581-H
3F/H/581,12009290,3F/H/581-I
3F/H/581,12014005,3F/H/581-J
3F/H/581,12024784,3F/H/581-K
3F/H/581,12005086,3F/H/581-L
3F/H/581,12021346,3F/H/581-M
3F/H/581,12021546,3F/H/581-N
3F/H/582,12005067,3F/H/582-F
3F/H/582,16023072,3F/H/582-G
3F/H/582,12014009,3F/H/582-H
3F/H/582,12030992,3F/H/582-I
3F/H/582,12005070,3F/H/582-J
3F/H/583,12027128,3F/H/583-F
3F/H/583,12027096,3F/H/583-G
3F/H/583,12027131,3F/H/583-H
3F/H/583,12027129,3F/H/583-I
3F/H/583,12027130,3F/H/583-J
3F/H/584,12022398,3F/H/584-B
3F/H/585,12021256,3F/H/585-B
3F/H/589,12027900,3F/H/589-B
4F/E/649,12018989,4F/E/649-E
4F/E/649,12025746,4F/E/649-F